{
	"name": "countdown360",
	"title": "Countdown 360",
	"description": "This is a simple attractive circular countdown timer that counts down a number of seconds. The style is configurable and callbacks are supported on completion.",
	"keywords": [
		"clock",
		"circular",
		"countdown",
		"timer",
		"jquery",
		"jquery-plugin",
		"plugin"
	],
	"version": "0.1.9",
	"author": {
		"name": "John Schult",
		"email": "johnschult@icloud.com",
		"url": "https://github.com/johnschult"
	},
	"maintainers": [
		{
			"name": "John Schult",
			"email": "johnschult@icloud.com",
			"url": "https://github.com/johnschult"
		}
	],
	"licenses": [
		{
			"type": "MIT",
			"url": "http://johnschult.mit-license.org/"
		}
	],
	"bugs": "https://github.com/johnschult/jquery.countdown360/issues",
	"homepage": "https://github.com/johnschult/jquery.countdown360",
	"demo": "http://jsfiddle.net/johnschult/gs3WY/",
	"docs": "https://github.com/johnschult/jquery.countdown360#readme",
	"download": "https://github.com/johnschult/jquery.countdown360/archive/master.zip",
	"dependencies": {
		"jquery": ">=1.4"
	}
}
