{ "height":15,
 "layers":[
        {
         "data":[4701, 4701, 4701, 4701, 4701, 4701, 4701, 4701, 4701, 4701, 4701, 4701, 4701, 4701, 4701, 4762, 4762, 4762, 4762, 4762, 4762, 4762, 4762, 4762, 4762, 4762, 4762, 4762, 4762, 4762, 5003, 5003, 5003, 5003, 5003, 5003, 5003, 5003, 5003, 5003, 5003, 5003, 5003, 5003, 5003, 5003, 5004, 5004, 5004, 5004, 5004, 5004, 5004, 5004, 5004, 5004, 5004, 5004, 5004, 5004, 5003, 5004, 5004, 5004, 5004, 5004, 5004, 5004, 5004, 5004, 5004, 5004, 5004, 5004, 5004, 5003, 5004, 5004, 5004, 5004, 5004, 5004, 5004, 5004, 5004, 5004, 5004, 5004, 5004, 5004, 5003, 5004, 5004, 5004, 5004, 5004, 5004, 5004, 5004, 5004, 5004, 5004, 5004, 5004, 5004, 5003, 5004, 5004, 5004, 5004, 5004, 5004, 5004, 5004, 5004, 5004, 5004, 5004, 5004, 5004, 5003, 5004, 5004, 5004, 5004, 5004, 5004, 5004, 5004, 5004, 5004, 5004, 5004, 5004, 5004, 5003, 5004, 5004, 5004, 5004, 5004, 5004, 5004, 5004, 5004, 5004, 5004, 5004, 5004, 5004, 5003, 5004, 5004, 5004, 5004, 5004, 5004, 5004, 5004, 5004, 5004, 5004, 5004, 5004, 5004, 5003, 5004, 5004, 5004, 5004, 5004, 5004, 5004, 5004, 5004, 5004, 5004, 5004, 5004, 5004, 5003, 5004, 5004, 5004, 5004, 5004, 5004, 5004, 5004, 5004, 5004, 5004, 5004, 5004, 5004, 5003, 5004, 5004, 5004, 5004, 5004, 5004, 5004, 5004, 5004, 5004, 5004, 5004, 5004, 5004, 5003, 5004, 5004, 5004, 5004, 5004, 5004, 5004, 5004, 5004, 5004, 5004, 5004, 5004, 5004],
         "height":15,
         "name":"ground",
         "opacity":1,
         "type":"tilelayer",
         "visible":true,
         "width":15,
         "x":0,
         "y":0
        }, 
        {
         "data":[0, 0, 0, 0, 0, 4462, 0, 0, 0, 0, 4462, 4706, 0, 0, 0, 3977, 3975, 3976, 0, 0, 4523, 4587, 4588, 4587, 4588, 4523, 4767, 4179, 4180, 4181, 4038, 4036, 4037, 4097, 4097, 0, 4648, 4649, 4648, 4649, 0, 0, 4240, 4241, 4242, 0, 0, 0, 0, 0, 0, 0, 0, 0, 0, 0, 0, 4301, 4302, 4303, 0, 0, 0, 0, 0, 0, 0, 0, 0, 0, 0, 0, 0, 0, 0, 4726, 4727, 4728, 4729, 4420, 0, 0, 0, 0, 0, 0, 0, 0, 0, 0, 4787, 4788, 4789, 4790, 0, 0, 0, 0, 0, 0, 0, 0, 0, 0, 4677, 4848, 4849, 4850, 0, 0, 0, 3917, 4734, 4735, 3918, 0, 0, 0, 4976, 4738, 0, 0, 0, 0, 0, 0, 3978, 4795, 4796, 3979, 0, 0, 0, 0, 4799, 0, 0, 0, 0, 0, 0, 0, 0, 0, 0, 0, 0, 0, 0, 4420, 0, 0, 0, 0, 0, 0, 0, 0, 0, 0, 0, 0, 0, 0, 0, 0, 0, 0, 0, 0, 0, 0, 0, 5144, 5145, 0, 0, 0, 0, 0, 0, 0, 0, 0, 0, 0, 0, 0, 5205, 5206, 0, 0, 0, 0, 0, 0, 4216, 4042, 4043, 4044, 4216, 0, 0, 0, 0, 0, 0, 0, 0, 0, 0, 0, 4103, 4104, 4105, 0, 0, 0, 0, 0, 0, 0, 0, 0, 0],
         "height":15,
         "name":"furniture",
         "opacity":1,
         "type":"tilelayer",
         "visible":true,
         "width":15,
         "x":0,
         "y":0
        }, 
        {
         "draworder":"topdown",
         "height":15,
         "name":"door",
         "objects":[
                {
                 "height":26,
                 "id":1,
                 "name":"doorToMainMap",
                 "properties":
                    {
                     "desX":"288",
                     "desY":"736",
                     "destination":"mainMap"
                    },
                 "rotation":0,
                 "type":"",
                 "visible":true,
                 "width":37,
                 "x":36,
                 "y":203
                }, 
                {
                 "height":21,
                 "id":2,
                 "name":"toUpstair",
                 "properties":
                    {
                     "desX":"224",
                     "desY":"32",
                     "destination":"upstair"
                    },
                 "rotation":0,
                 "type":"",
                 "visible":true,
                 "width":22,
                 "x":191.75,
                 "y":31
                }],
         "opacity":1,
         "type":"objectgroup",
         "visible":true,
         "width":15,
         "x":0,
         "y":0
        }, 
        {
         "draworder":"topdown",
         "height":15,
         "name":"people\/signs",
         "objects":[
                {
                 "height":34,
                 "id":3,
                 "name":"sleepmonster",
                 "properties":
                    {
                     "message":"Sleeping.ZZZ"
                    },
                 "rotation":0,
                 "type":"",
                 "visible":true,
                 "width":33,
                 "x":126,
                 "y":174
                }],
         "opacity":1,
         "type":"objectgroup",
         "visible":true,
         "width":15,
         "x":0,
         "y":0
        }],
 "nextobjectid":4,
 "orientation":"orthogonal",
 "properties":
    {

    },
 "renderorder":"right-down",
 "tileheight":16,
 "tilesets":[
        {
         "firstgid":1,
         "image":"backgrounds.png",
         "imageheight":4000,
         "imagewidth":1036,
         "margin":0,
         "name":"backgrounds",
         "properties":
            {

            },
         "spacing":1,
         "tileheight":16,
         "tilewidth":16
        }],
 "tilewidth":16,
 "version":1,
 "width":15
}