{ "height":15,
 "layers":[
        {
         "data":[4825, 4825, 4825, 4825, 4825, 4825, 4825, 4825, 4825, 4825, 4825, 4825, 4825, 4825, 4825, 4886, 4886, 4886, 4886, 4886, 4886, 4886, 4886, 4886, 4886, 4886, 4886, 4886, 4886, 4886, 5064, 5064, 5064, 5064, 5064, 5064, 5064, 5064, 5064, 5064, 5064, 5064, 5064, 5064, 5064, 5064, 5065, 5065, 5065, 5065, 5065, 5065, 5065, 5065, 5065, 5065, 5065, 5065, 5065, 5065, 5064, 5065, 5065, 5065, 5065, 5065, 5065, 5065, 5065, 5065, 5065, 5065, 5065, 5065, 5065, 5064, 5065, 5065, 5065, 5065, 5065, 5065, 5065, 5065, 5065, 5065, 5065, 5065, 5065, 5065, 5064, 5065, 5065, 5065, 5065, 5065, 5065, 5065, 5065, 5065, 5065, 5065, 5065, 5065, 5065, 5064, 5065, 5065, 5065, 5065, 5065, 5065, 5065, 5065, 5065, 5065, 5065, 5065, 5065, 5065, 5064, 5065, 5065, 5065, 5065, 5065, 5065, 5065, 5065, 5065, 5065, 5065, 5065, 5065, 5065, 5064, 5065, 5065, 5065, 5065, 5065, 5065, 5065, 5065, 5065, 5065, 5065, 5065, 5065, 5065, 5064, 5065, 5065, 5065, 5065, 5065, 5065, 5065, 5065, 5065, 5065, 5065, 5065, 5065, 5065, 5064, 5065, 5065, 5065, 5065, 5065, 5065, 5065, 5065, 5065, 5065, 5065, 5065, 5065, 5065, 5064, 5065, 5065, 5065, 5065, 5065, 5065, 5065, 5065, 5065, 5065, 5065, 5065, 5065, 5065, 5064, 5065, 5065, 5065, 5065, 5065, 5065, 5065, 5065, 5065, 5065, 5065, 5065, 5065, 5065, 5064, 5065, 5065, 5065, 5065, 5065, 5065, 5065, 5065, 5065, 5065, 5065, 5065, 5065, 5065],
         "height":15,
         "name":"ground",
         "opacity":1,
         "type":"tilelayer",
         "visible":true,
         "width":15,
         "x":0,
         "y":0
        }, 
        {
         "data":[0, 0, 0, 0, 0, 4827, 4583, 4584, 4829, 4830, 0, 0, 0, 0, 4706, 4495, 4496, 4158, 4159, 0, 4888, 4644, 4645, 4890, 4891, 0, 3996, 3997, 3998, 4767, 4556, 4557, 4219, 4220, 4216, 0, 0, 0, 0, 0, 8575, 4057, 4058, 4059, 0, 0, 0, 0, 0, 0, 0, 0, 0, 0, 0, 0, 4118, 4119, 4120, 0, 0, 0, 0, 0, 0, 0, 3908, 3909, 3910, 0, 0, 0, 0, 0, 0, 0, 0, 0, 0, 0, 0, 3969, 3970, 3971, 0, 0, 0, 0, 0, 0, 0, 4367, 4368, 0, 0, 0, 4030, 4031, 4032, 0, 0, 0, 0, 0, 0, 4286, 4428, 4429, 0, 0, 0, 4091, 4092, 4093, 0, 0, 0, 0, 0, 0, 4347, 0, 0, 0, 0, 0, 0, 0, 0, 0, 0, 0, 0, 0, 0, 0, 4607, 4608, 0, 0, 0, 0, 0, 0, 0, 0, 0, 0, 0, 0, 0, 4668, 4669, 0, 0, 0, 0, 0, 0, 0, 0, 4614, 0, 0, 0, 0, 0, 0, 0, 0, 4711, 4712, 0, 0, 0, 0, 4675, 0, 0, 0, 0, 0, 0, 0, 0, 4772, 4773, 0, 0, 0, 0, 4917, 0, 0, 0, 4156, 0, 0, 0, 0, 0, 0, 0, 0, 0, 0, 0, 0, 0, 4156, 4217, 0, 0, 0, 0, 0, 0, 0, 0, 0, 0, 0, 0, 0, 4217],
         "height":15,
         "name":"furniture",
         "opacity":1,
         "type":"tilelayer",
         "visible":true,
         "width":15,
         "x":0,
         "y":0
        }, 
        {
         "draworder":"topdown",
         "height":15,
         "name":"door",
         "objects":[
                {
                 "height":25.3333333333334,
                 "id":2,
                 "name":"doorToDownstair",
                 "properties":
                    {
                     "desX":"176",
                     "desY":"32",
                     "destination":"downstair"
                    },
                 "rotation":0,
                 "type":"",
                 "visible":true,
                 "width":23,
                 "x":200.666666666666,
                 "y":32.3333333333334
                }],
         "opacity":1,
         "properties":
            {
             "desX":"192",
             "desY":"32",
             "destination":"downstair"
            },
         "type":"objectgroup",
         "visible":true,
         "width":15,
         "x":0,
         "y":0
        }, 
        {
         "draworder":"topdown",
         "height":15,
         "name":"people\/signs",
         "objects":[
                {
                 "height":19.6666666666667,
                 "id":1,
                 "name":"pikachu",
                 "properties":
                    {
                     "message":"Yo! I am Pikachu!!"
                    },
                 "rotation":0,
                 "type":"",
                 "visible":true,
                 "width":16.6666666666667,
                 "x":159.333333333333,
                 "y":30.6666666666667
                }],
         "opacity":1,
         "type":"objectgroup",
         "visible":true,
         "width":15,
         "x":0,
         "y":0
        }],
 "nextobjectid":3,
 "orientation":"orthogonal",
 "properties":
    {

    },
 "renderorder":"right-down",
 "tileheight":16,
 "tilesets":[
        {
         "firstgid":1,
         "image":"backgrounds.png",
         "imageheight":4000,
         "imagewidth":1036,
         "margin":0,
         "name":"backgrounds",
         "properties":
            {

            },
         "spacing":1,
         "tileheight":16,
         "tilewidth":16
        }],
 "tilewidth":16,
 "version":1,
 "width":15
}